Employee_ID,Full_Name,Department,Age,Gender,City,Joining_Date,Salary,Experience_Years
EMP001,Sneha Sharma,Sales,36,Male,Chennai,2016-11-24,110000.0,11
EMP002,Rohan Sharma,Marketing,36,Female,Pune,2015-09-07,63000.0,11
EMP003,Rekha Reddy,Marketing,49,Female,Mumbai,2017-04-25,48000.0,27
EMP004,Suresh Mehta,Human Resources,43,Male,Delhi,2022-09-04,45000.0,25
EMP005,Rajesh Das,Finance,34,Male,Delhi,2018-05-03,145000.0,12
EMP006,Suresh Reddy,Human Resources,32,Female,Bengaluru,2018-11-09,112000.0,5
EMP007,Arjun Pandey,Marketing,51,Female,Mumbai,2023-04-22,142000.0,29
EMP008,Sanjay Verma,Human Resources,39,Male,Mumbai,2024-12-11,118000.0,14
EMP009,Ritu Das,Marketing,38,Male,Mumbai,2023-09-09,149000.0,18
EMP010,Ritu Joshi,Marketing,54,Female,Delhi,2015-02-05,136000.0,27
EMP011,Shweta Kulkarni,Human Resources,46,Female,Bengaluru,2023-05-18,122000.0,19
EMP012,Sneha Agarwal,Sales,43,Male,Bengaluru,2017-01-08,99000.0,7
EMP013,Varun Mehta,Finance,60,Male,Delhi,2020-03-18,111000.0,35
EMP014,Preeti Sharma,Human Resources,41,Male,Delhi,2018-10-03,128000.0,16
EMP015,Vikram Pandey,Marketing,52,Female,Mumbai,2019-09-28,62000.0,26
EMP016,Unknown Employee,Human Resources,45,Female,Hyderabad,2022-02-08,43000.0,21
EMP017,Priya Iyer,Finance,36,Male,Delhi,2015-04-03,145000.0,12
EMP018,Vikram Mishra,Sales,53,Male,Hyderabad,2017-12-19,66000.0,28
EMP019,Alok Kumar,Engineering,49,Female,Bengaluru,2021-08-28,121000.0,22
EMP020,Rahul Verma,Sales,28,Male,Mumbai,2018-09-15,89000.0,5
EMP021,Sunita Saxena,Engineering,50,Female,Delhi,2015-11-18,46000.0,27
EMP022,Arjun Malhotra,Human Resources,35,Female,Delhi,2017-07-01,68000.0,10
EMP023,Rajesh Malhotra,Marketing,34,Male,Mumbai,2015-10-24,130000.0,10
EMP024,Ananya Verma,Finance,55,Male,Delhi,2023-02-28,43000.0,29
EMP025,Vikram Agarwal,Human Resources,29,Female,Mumbai,2024-10-02,88000.0,2
EMP026,Rekha Iyer,Sales,35,Other,Chennai,2020-04-09,51000.0,8
EMP027,Meera Saxena,Engineering,22,Female,Pune,2024-02-03,99000.0,0
EMP028,Amit Joshi,Sales,45,Male,Mumbai,2022-09-23,94000.0,23
EMP029,Payal Nair,Marketing,38,Male,Delhi,2023-09-03,112000.0,15
EMP030,Swati Kumar,Finance,53,Male,Delhi,2016-11-14,40000.0,31
EMP031,Swati Singh,Marketing,50,Female,Chennai,2021-09-01,44000.0,23
EMP032,Pooja Pandey,Human Resources,59,Female,Delhi,2021-02-03,81000.0,35
EMP033,Naveen Kumar,Engineering,44,Female,Bengaluru,2024-12-05,145000.0,21
EMP034,Deepika Malhotra,Marketing,43,Female,Chennai,2018-05-06,83000.0,21
EMP035,Harish Rao,Human Resources,44,Male,Mumbai,2018-01-22,86000.0,20
EMP036,Sunita Patel,Human Resources,54,Female,Chennai,2023-06-01,147000.0,18
EMP037,Deepika Iyer,Engineering,28,Female,Bengaluru,2020-12-26,90000.0,2
EMP038,Varun Mehta,Finance,34,Male,Delhi,2021-01-17,81000.0,9
EMP039,Vikram Agarwal,Finance,42,Other,Delhi,2019-09-10,76000.0,17
EMP040,Rajesh Pandey,Marketing,43,Other,Bengaluru,2017-10-19,86000.0,22
EMP041,Aarav Nair,Marketing,49,Female,Pune,2020-08-15,121000.0,26
EMP042,Varun Deshmukh,Engineering,40,Female,Chennai,2024-06-03,121000.0,16
EMP043,Sanjay Kumar,Engineering,24,Male,Hyderabad,2024-02-15,148000.0,0
EMP044,Akash Kumar,Human Resources,47,Male,Delhi,2015-02-25,94000.0,24
EMP045,Simran Saxena,Finance,43,Male,Bengaluru,2017-08-22,131000.0,25
EMP046,Bhavna Chawla,Finance,50,Male,Chennai,2022-08-09,142000.0,23
EMP047,Sunita Mishra,Sales,39,Female,Delhi,2019-09-04,75000.0,13
EMP048,Neha Singh,Sales,46,Male,Chennai,2018-02-14,77000.0,20
EMP049,Anjali Malhotra,Marketing,48,Female,Pune,2015-10-13,35000.0,24
EMP050,Meera Bhatia,Finance,56,Female,Mumbai,2022-04-09,97000.0,18
EMP051,Suresh Chopra,Marketing,51,Male,Pune,2023-01-13,45000.0,24
EMP052,Shweta Singh,Marketing,25,Male,Bengaluru,2020-04-15,78000.0,0
EMP053,Alok Reddy,Human Resources,23,Female,Delhi,2020-04-21,134000.0,0
EMP054,Rohan Sharma,Marketing,23,Female,Delhi,2018-03-16,107000.0,0
EMP055,Anjali Bose,Human Resources,32,Female,Pune,2016-03-10,109000.0,10
EMP056,Meera Iyer,Human Resources,34,Male,Pune,2018-02-23,143000.0,16
EMP057,Kunal Mehta,Human Resources,56,Female,Chennai,2020-02-17,36000.0,31
EMP058,Preeti Mehta,Human Resources,51,Male,Bengaluru,2017-12-17,113000.0,25
EMP059,Harish Saxena,Finance,39,Male,Mumbai,2016-05-15,131000.0,14
EMP060,Akash Kulkarni,Sales,23,Female,Bengaluru,2017-07-08,137000.0,0
EMP061,Swati Reddy,Finance,43,Female,Mumbai,2016-04-24,97000.0,0
EMP062,Divya Bose,Human Resources,50,Male,Delhi,2019-04-13,74000.0,23
EMP063,Rekha Joshi,Finance,55,Female,Bengaluru,2023-06-12,69000.0,31
EMP064,Manish Rao,Marketing,42,Male,Chennai,2023-12-06,62000.0,15
EMP065,Harish Reddy,Engineering,34,Male,Mumbai,2020-03-10,125000.0,8
EMP066,Amit Reddy,Engineering,57,Male,Chennai,2017-11-28,48000.0,35
EMP067,Akash Nair,Human Resources,50,Female,Mumbai,2015-05-28,49000.0,28
EMP068,Ritu Deshmukh,Finance,25,Male,Delhi,2024-05-03,50000.0,7
EMP069,Alok Kulkarni,Finance,46,Female,Delhi,2019-10-14,107000.0,20
EMP070,Ananya Kulkarni,Marketing,35,Male,Chennai,2016-03-08,105000.0,13
EMP071,Arjun Sharma,Human Resources,60,Female,Bengaluru,2015-10-04,124000.0,35
EMP072,Vikram Agarwal,Sales,43,Other,Mumbai,2021-02-18,117000.0,25
EMP073,Sunita Singh,Engineering,32,Male,Pune,2024-05-15,94000.0,5
EMP074,Meera Bose,Sales,54,Female,Hyderabad,2022-02-20,94000.0,29
EMP075,Aditya Kulkarni,Engineering,27,Male,Chennai,2024-01-10,108000.0,5
EMP076,Deepika Deshmukh,Sales,33,Female,Delhi,2022-02-16,87000.0,9
EMP077,Aditya Agarwal,Marketing,43,Female,Chennai,2022-05-22,139000.0,18
EMP078,Rohan Saxena,Sales,38,Female,Delhi,2021-09-27,119000.0,12
EMP079,Unknown Employee,Marketing,55,Female,Pune,2022-11-15,61000.0,31
EMP080,Payal Singh,Human Resources,53,Male,Delhi,2024-04-23,74000.0,27
EMP081,Aarav Pandey,Engineering,43,Male,Bengaluru,2016-11-27,98000.0,9
EMP082,Rajesh Mishra,Human Resources,52,Female,Mumbai,2022-09-05,59000.0,26
EMP083,Varun Chawla,Engineering,39,Male,Delhi,2023-05-27,71000.0,12
EMP084,Meera Iyer,Marketing,50,Female,Hyderabad,2020-06-18,93000.0,26
EMP085,Karan Bose,Finance,43,Male,Bengaluru,2015-06-24,125000.0,5
EMP086,Suresh Agarwal,Human Resources,24,Male,Delhi,2024-06-28,94000.0,0
EMP087,Rahul Mishra,Engineering,31,Female,Pune,2017-02-16,78000.0,5
EMP088,Ritu Das,Sales,56,Female,Bengaluru,2022-09-02,94000.0,29
EMP089,Rajesh Rao,Human Resources,28,Other,Chennai,2016-06-08,150000.0,6
EMP090,Rohan Chopra,Marketing,44,Female,Bengaluru,2017-04-17,107000.0,17
EMP091,Deepika Gupta,Engineering,46,Female,Chennai,2018-08-19,64000.0,18
EMP092,Manish Saxena,Engineering,51,Male,Chennai,2023-03-03,79000.0,25
EMP093,Meera Das,Sales,51,Male,Delhi,2021-08-04,83000.0,25
EMP094,Naveen Iyer,Sales,23,Other,Bengaluru,2019-01-19,94000.0,0
EMP095,Preeti Nair,Finance,44,Male,Pune,2018-10-09,115000.0,22
EMP096,Rohan Nair,Engineering,43,Female,Chennai,2017-10-02,130000.0,25
EMP097,Deepika Kumar,Finance,45,Female,Hyderabad,2019-03-09,138000.0,21
EMP098,Swati Mehta,Engineering,31,Male,Chennai,2021-09-12,136000.0,6
EMP099,Aarav Reddy,Human Resources,45,Other,Chennai,2019-10-13,94000.0,18
EMP100,Sanjay Deshmukh,Finance,57,Female,Pune,2018-11-03,124000.0,33
EMP101,Alok Mehta,Engineering,24,Male,Hyderabad,2016-02-08,84000.0,0
EMP102,Tanvi Agarwal,Finance,31,Female,Pune,2016-08-20,70000.0,9
EMP103,Tanvi Kumar,Human Resources,37,Female,Delhi,2020-09-21,42000.0,12
EMP104,Sunita Kumar,Human Resources,27,Other,Mumbai,2024-02-01,66000.0,9
EMP105,Akash Kumar,Finance,35,Female,Mumbai,2018-06-25,135000.0,9
EMP106,Aarav Reddy,Marketing,56,Male,Mumbai,2016-11-28,51000.0,34
EMP107,Naveen Rao,Engineering,33,Male,Delhi,2017-12-14,130000.0,11
EMP108,Harish Saxena,Finance,59,Male,Bengaluru,2023-04-20,128000.0,32
EMP109,Simran Nair,Engineering,43,Female,Bengaluru,2021-11-04,126000.0,0
EMP110,Vikram Patel,Finance,31,Male,Delhi,2019-10-21,83000.0,5
EMP111,Simran Nair,Finance,60,Female,Delhi,2016-11-21,94000.0,35
EMP112,Sanjay Malhotra,Human Resources,47,Female,Chennai,2016-06-14,120000.0,23
EMP113,Tanvi Singh,Engineering,27,Male,Delhi,2021-02-24,94000.0,4
EMP114,Payal Verma,Engineering,48,Female,Chennai,2021-02-12,111000.0,24
EMP115,Naveen Mehta,Marketing,52,Male,Delhi,2020-09-12,132000.0,28
EMP116,Akash Rao,Finance,57,Male,Pune,2019-06-01,124000.0,33
EMP117,Swati Joshi,Marketing,31,Female,Chennai,2021-02-05,46000.0,4
EMP118,Simran Kumar,Human Resources,43,Female,Mumbai,2020-05-24,134000.0,18
EMP119,Kunal Patel,Marketing,32,Female,Delhi,2016-05-15,97000.0,6
EMP120,Gaurav Malhotra,Marketing,54,Male,Bengaluru,2021-02-10,102000.0,27
EMP121,Meera Verma,Human Resources,60,Male,Delhi,2018-05-07,132000.0,35
EMP122,Rajesh Chopra,Engineering,53,Female,Mumbai,2017-07-18,99000.0,27
EMP123,Naveen Patel,Engineering,49,Male,Bengaluru,2016-06-19,108000.0,24
EMP124,Alok Nair,Human Resources,23,Female,Mumbai,2024-08-27,46000.0,0
EMP125,Rahul Rao,Finance,47,Male,Delhi,2021-05-24,63000.0,23
EMP126,Arjun Patel,Finance,54,Male,Bengaluru,2020-12-27,65000.0,32
EMP127,Pooja Reddy,Marketing,60,Male,Pune,2016-03-25,94000.0,34
EMP128,Rekha Saxena,Sales,31,Female,Delhi,2022-08-21,136000.0,7
EMP129,Rekha Verma,Marketing,26,Male,Bengaluru,2022-02-01,141000.0,2
EMP130,Vikram Das,Finance,60,Female,Bengaluru,2022-10-18,92000.0,34
EMP131,Karan Chopra,Finance,31,Male,Bengaluru,2016-06-23,99000.0,4
EMP132,Deepika Verma,Human Resources,50,Female,Hyderabad,2024-12-03,71000.0,25
EMP133,Alok Chopra,Sales,26,Female,Delhi,2023-11-13,67000.0,0
EMP134,Kunal Singh,Engineering,59,Other,Delhi,2020-05-21,51000.0,33
EMP135,Neha Nair,Marketing,30,Other,Chennai,2023-02-21,100000.0,6
EMP136,Priya Joshi,Marketing,35,Female,Hyderabad,2018-04-05,94000.0,11
EMP137,Rahul Mishra,Sales,30,Female,Bengaluru,2017-03-06,127000.0,5
EMP138,Rohan Malhotra,Sales,50,Female,Bengaluru,2022-04-18,74000.0,25
EMP139,Karan Joshi,Human Resources,40,Female,Hyderabad,2023-07-06,137000.0,14
EMP140,Amit Reddy,Human Resources,45,Female,Delhi,2023-02-10,132000.0,22
EMP141,Sunita Saxena,Human Resources,27,Male,Bengaluru,2020-01-14,85000.0,1
EMP142,Tanvi Rao,Engineering,45,Male,Delhi,2020-02-27,136000.0,22
EMP143,Unknown Employee,Human Resources,30,Female,Bengaluru,2024-01-03,67000.0,7
EMP144,Pooja Pandey,Engineering,43,Male,Bengaluru,2016-01-08,116000.0,14
EMP145,Anjali Patel,Human Resources,60,Female,Delhi,2023-10-08,72000.0,35
EMP146,Aarav Kulkarni,Sales,58,Female,Mumbai,2016-09-12,94000.0,32
EMP147,Varun Mishra,Human Resources,52,Male,Pune,2021-06-09,80000.0,30
EMP148,Naveen Rao,Finance,43,Male,Delhi,2020-09-11,141000.0,16
EMP149,Anjali Bose,Marketing,30,Male,Chennai,2022-01-10,40000.0,7
EMP150,Rohan Chopra,Finance,47,Female,Hyderabad,2019-01-25,71000.0,23
EMP151,Ananya Das,Sales,29,Female,Bengaluru,2021-12-15,78000.0,6
EMP152,Preeti Bose,Human Resources,55,Male,Delhi,2021-02-14,104000.0,31
EMP153,Aditya Mehta,Sales,40,Male,Bengaluru,2024-12-14,123000.0,15
EMP154,Naveen Saxena,Human Resources,49,Male,Pune,2015-02-22,81000.0,23
EMP155,Arjun Sharma,Finance,50,Male,Delhi,2016-04-25,81000.0,25
EMP156,Akash Verma,Human Resources,45,Female,Bengaluru,2016-05-10,85000.0,21
EMP157,Sunita Rao,Engineering,33,Female,Hyderabad,2021-04-09,134000.0,9
EMP158,Gaurav Kumar,Human Resources,34,Male,Delhi,2016-08-06,46000.0,7
EMP159,Aditya Agarwal,Engineering,57,Female,Bengaluru,2019-03-23,136000.0,33
EMP160,Varun Rao,Marketing,30,Male,Hyderabad,2015-06-18,94000.0,4
EMP161,Amit Kulkarni,Engineering,41,Female,Chennai,2022-09-14,140000.0,15
EMP162,Vikram Singh,Engineering,50,Female,Chennai,2023-06-05,133000.0,27
EMP163,Shweta Mishra,Engineering,55,Male,Bengaluru,2017-03-11,79000.0,29
EMP164,Rajesh Patel,Marketing,57,Male,Delhi,2019-10-18,99000.0,30
EMP165,Arjun Iyer,Marketing,60,Female,Pune,2015-01-03,117000.0,34
EMP166,Manish Das,Finance,48,Female,Pune,2015-08-21,117000.0,24
EMP167,Harish Rao,Sales,51,Male,Chennai,2015-03-15,96000.0,26
EMP168,Kavita Chopra,Sales,42,Female,Bengaluru,2017-06-17,75000.0,19
EMP169,Anjali Mehta,Human Resources,37,Male,Delhi,2015-05-13,66000.0,14
EMP170,Aditya Iyer,Marketing,32,Male,Hyderabad,2022-08-10,37000.0,10
EMP171,Ritu Mishra,Sales,35,Female,Bengaluru,2015-01-10,111000.0,8
EMP172,Harish Nair,Engineering,49,Male,Mumbai,2020-07-12,86000.0,27
EMP173,Akash Pandey,Human Resources,57,Male,Delhi,2021-09-15,140000.0,31
EMP174,Bhavna Mehta,Engineering,47,Female,Bengaluru,2023-06-25,60000.0,21
EMP175,Varun Bhatia,Engineering,24,Male,Chennai,2020-08-17,94000.0,0
EMP176,Amit Chopra,Marketing,47,Female,Chennai,2019-10-11,94000.0,21
EMP177,Meera Deshmukh,Marketing,43,Other,Delhi,2021-10-10,111000.0,18
EMP178,Manish Das,Engineering,59,Female,Mumbai,2023-11-24,53000.0,32
EMP179,Divya Verma,Marketing,23,Female,Bengaluru,2021-03-14,87000.0,0
EMP180,Bhavna Deshmukh,Marketing,55,Male,Hyderabad,2020-11-16,75000.0,32
EMP181,Anjali Pandey,Marketing,44,Other,Chennai,2019-10-16,66000.0,20
EMP182,Payal Nair,Sales,40,Male,Chennai,2022-06-16,106000.0,13
EMP183,Sunita Nair,Finance,56,Female,Bengaluru,2020-03-10,71000.0,29
EMP184,Neha Joshi,Sales,52,Male,Mumbai,2023-05-18,52000.0,30
EMP185,Bhavna Chawla,Sales,25,Other,Hyderabad,2018-11-08,47000.0,0
EMP186,Swati Bose,Engineering,43,Male,Hyderabad,2017-07-21,96000.0,3
EMP187,Karan Nair,Sales,25,Male,Pune,2024-04-18,57000.0,0
EMP188,Deepika Verma,Marketing,33,Male,Delhi,2015-05-19,77000.0,9
EMP189,Anjali Das,Marketing,54,Female,Mumbai,2018-02-11,128000.0,29
EMP190,Manish Bose,Engineering,43,Female,Bengaluru,2024-11-25,57000.0,4
EMP191,Ritu Malhotra,Engineering,47,Other,Delhi,2017-03-16,66000.0,25
EMP192,Manish Bhatia,Human Resources,39,Female,Bengaluru,2024-12-19,68000.0,12
EMP193,Tanvi Bose,Marketing,29,Female,Bengaluru,2017-07-22,123000.0,7
EMP194,Rajesh Joshi,Marketing,30,Female,Delhi,2022-12-20,88000.0,12
EMP195,Payal Deshmukh,Sales,60,Male,Hyderabad,2022-09-23,44000.0,34
EMP196,Sneha Verma,Finance,56,Male,Mumbai,2020-09-15,122000.0,33
EMP197,Rekha Deshmukh,Finance,50,Male,Bengaluru,2017-09-14,107000.0,28
EMP198,Payal Saxena,Engineering,47,Male,Delhi,2018-10-03,89000.0,18
EMP199,Vikram Pandey,Engineering,52,Male,Bengaluru,2021-03-25,133000.0,25
EMP200,Alok Joshi,Human Resources,46,Female,Delhi,2023-03-21,50000.0,23
EMP201,Nitin Bhatia,Sales,22,Male,Bengaluru,2022-11-24,103000.0,0
EMP202,Sanjay Rao,Human Resources,31,Male,Mumbai,2016-01-26,113000.0,9
EMP203,Divya Kumar,Engineering,60,Male,Bengaluru,2024-11-23,66000.0,33
EMP204,Rohan Bhatia,Sales,56,Male,Delhi,2017-09-10,139000.0,29
EMP205,Akash Chopra,Sales,41,Male,Chennai,2023-04-14,70000.0,19
EMP206,Payal Iyer,Human Resources,57,Female,Delhi,2020-11-22,135000.0,31
EMP207,Aditya Bose,Human Resources,31,Male,Bengaluru,2017-09-16,143000.0,8
EMP208,Meera Bose,Marketing,25,Female,Delhi,2021-09-17,84000.0,2
EMP209,Manish Kumar,Engineering,50,Female,Delhi,2023-12-27,41000.0,26
EMP210,Suresh Agarwal,Engineering,34,Female,Chennai,2023-04-16,146000.0,0
EMP211,Aarav Kumar,Engineering,52,Male,Chennai,2024-12-07,94000.0,26
EMP212,Aditya Nair,Human Resources,56,Other,Bengaluru,2019-05-12,94000.0,34
EMP213,Harish Chopra,Human Resources,43,Female,Delhi,2024-04-24,37000.0,18
EMP214,Payal Iyer,Sales,31,Male,Bengaluru,2018-07-19,98000.0,5
EMP215,Swati Reddy,Human Resources,51,Male,Chennai,2020-03-05,58000.0,18
EMP216,Ananya Mishra,Engineering,25,Male,Bengaluru,2017-11-08,125000.0,2
EMP217,Aarav Kumar,Human Resources,25,Female,Pune,2024-08-22,37000.0,3
EMP218,Nitin Pandey,Engineering,23,Female,Chennai,2019-09-10,99000.0,0
EMP219,Shweta Gupta,Engineering,55,Male,Mumbai,2018-10-17,139000.0,31
EMP220,Sunita Bhatia,Human Resources,47,Female,Pune,2018-08-12,122000.0,25
EMP221,Rohan Patel,Human Resources,46,Female,Hyderabad,2015-11-01,45000.0,21
EMP222,Shweta Das,Finance,28,Female,Delhi,2018-04-28,69000.0,6
EMP223,Vikram Agarwal,Finance,58,Other,Delhi,2017-06-01,110000.0,35
EMP224,Ritu Patel,Marketing,58,Male,Pune,2021-11-18,84000.0,31
EMP225,Amit Bose,Finance,44,Male,Delhi,2021-04-27,78000.0,18
EMP226,Bhavna Kulkarni,Sales,43,Other,Mumbai,2022-08-08,105000.0,0
EMP227,Shweta Gupta,Engineering,40,Male,Chennai,2016-02-09,83000.0,13
EMP228,Pooja Chawla,Sales,45,Male,Delhi,2015-05-15,132000.0,21
EMP229,Rahul Singh,Marketing,49,Female,Hyderabad,2023-09-14,38000.0,27
EMP230,Naveen Pandey,Finance,43,Female,Bengaluru,2015-05-14,94000.0,25
EMP231,Payal Rao,Human Resources,32,Male,Mumbai,2019-05-16,43000.0,9
EMP232,Shweta Reddy,Sales,52,Male,Bengaluru,2019-04-24,111000.0,26
EMP233,Karan Saxena,Marketing,41,Male,Bengaluru,2020-10-13,91000.0,18
EMP234,Shweta Das,Sales,42,Female,Chennai,2018-08-11,85000.0,18
EMP235,Rajesh Chawla,Finance,37,Female,Bengaluru,2019-07-12,107000.0,14
EMP236,Rekha Pandey,Finance,23,Female,Chennai,2018-08-26,141000.0,0
EMP237,Vikram Malhotra,Marketing,41,Male,Mumbai,2017-12-14,44000.0,16
EMP238,Kunal Deshmukh,Finance,54,Female,Hyderabad,2015-06-23,48000.0,31
EMP239,Naveen Gupta,Finance,47,Female,Bengaluru,2016-04-01,63000.0,21
EMP240,Simran Pandey,Human Resources,45,Female,Bengaluru,2024-12-17,79000.0,23
EMP241,Harish Mehta,Human Resources,27,Male,Chennai,2017-10-06,93000.0,4
EMP242,Simran Deshmukh,Human Resources,28,Female,Chennai,2022-03-06,94000.0,1
EMP243,Sneha Sharma,Engineering,32,Male,Hyderabad,2017-06-09,106000.0,7
EMP244,Anjali Rao,Marketing,33,Other,Chennai,2021-07-01,92000.0,7
EMP245,Shweta Bhatia,Marketing,35,Male,Chennai,2016-10-04,81000.0,11
EMP246,Karan Saxena,Sales,53,Male,Pune,2020-10-13,110000.0,31
EMP247,Naveen Joshi,Finance,43,Male,Chennai,2019-10-19,94000.0,10
EMP248,Aditya Mehta,Sales,29,Male,Bengaluru,2017-09-13,111000.0,6
EMP249,Akash Bhatia,Marketing,53,Other,Hyderabad,2017-09-06,71000.0,30
EMP250,Deepika Chopra,Marketing,25,Female,Delhi,2022-03-07,106000.0,0
EMP251,Preeti Malhotra,Human Resources,50,Female,Mumbai,2016-10-01,72000.0,28
EMP252,Sunita Rao,Marketing,51,Female,Chennai,2022-09-17,108000.0,29
EMP253,Sunita Pandey,Finance,24,Female,Hyderabad,2018-07-04,73000.0,2
EMP254,Gaurav Reddy,Engineering,50,Male,Mumbai,2018-12-19,145000.0,23
EMP255,Bhavna Das,Marketing,30,Male,Mumbai,2015-12-10,111000.0,4
EMP256,Arjun Chopra,Sales,58,Male,Hyderabad,2016-03-25,42000.0,34
EMP257,Amit Bose,Sales,43,Female,Mumbai,2021-05-08,115000.0,6
EMP258,Suresh Saxena,Engineering,47,Female,Chennai,2019-12-12,97000.0,23
EMP259,Rekha Sharma,Human Resources,44,Male,Hyderabad,2021-04-14,98000.0,18
EMP260,Aditya Nair,Finance,58,Male,Pune,2022-06-22,40000.0,35
EMP261,Anjali Sharma,Marketing,50,Female,Delhi,2021-04-23,147000.0,23
EMP262,Meera Gupta,Engineering,45,Male,Delhi,2020-11-21,94000.0,20
EMP263,Meera Chawla,Human Resources,27,Male,Delhi,2018-08-03,110000.0,4
EMP264,Simran Agarwal,Engineering,43,Female,Delhi,2021-12-05,44000.0,0
EMP265,Suresh Patel,Marketing,42,Female,Delhi,2017-07-25,117000.0,15
EMP266,Pooja Patel,Finance,32,Female,Bengaluru,2018-11-24,87000.0,6
EMP267,Gaurav Kumar,Engineering,30,Male,Pune,2021-06-14,136000.0,7
EMP268,Divya Reddy,Sales,57,Female,Pune,2024-05-25,143000.0,18
EMP269,Meera Kumar,Human Resources,40,Other,Delhi,2018-08-13,65000.0,15
EMP270,Kunal Patel,Human Resources,42,Male,Bengaluru,2024-07-12,132000.0,17
EMP271,Vikram Sharma,Engineering,38,Male,Delhi,2015-07-17,115000.0,11
EMP272,Varun Malhotra,Human Resources,27,Other,Hyderabad,2023-05-10,45000.0,3
EMP273,Neha Mishra,Marketing,56,Female,Bengaluru,2024-11-25,74000.0,29
EMP274,Shweta Chawla,Engineering,37,Male,Bengaluru,2016-08-20,74000.0,10
EMP275,Deepika Mehta,Marketing,22,Male,Hyderabad,2020-09-17,56000.0,0
EMP276,Amit Chawla,Engineering,23,Female,Bengaluru,2019-03-09,126000.0,0
EMP277,Vikram Deshmukh,Finance,45,Male,Hyderabad,2024-03-12,67000.0,23
EMP278,Akash Agarwal,Sales,54,Male,Delhi,2015-04-02,81000.0,29
EMP279,Pooja Gupta,Marketing,48,Male,Bengaluru,2018-07-24,69000.0,26
EMP280,Akash Joshi,Finance,25,Male,Mumbai,2023-01-13,147000.0,0
EMP281,Rajesh Nair,Engineering,57,Female,Delhi,2020-10-04,129000.0,31
EMP282,Divya Saxena,Finance,53,Male,Chennai,2023-04-05,87000.0,31
EMP283,Sanjay Pandey,Engineering,43,Male,Chennai,2021-12-24,48000.0,20
EMP284,Simran Rao,Human Resources,25,Male,Chennai,2019-02-02,149000.0,0
EMP285,Alok Bose,Human Resources,27,Female,Delhi,2023-03-21,44000.0,1
EMP286,Akash Verma,Marketing,37,Male,Mumbai,2020-07-23,75000.0,12
EMP287,Sunita Rao,Marketing,30,Female,Delhi,2017-02-06,94000.0,6
EMP288,Alok Mehta,Marketing,50,Male,Bengaluru,2019-02-03,138000.0,23
EMP289,Meera Bose,Marketing,42,Male,Delhi,2018-06-13,121000.0,18
EMP290,Unknown Employee,Human Resources,50,Female,Chennai,2023-04-04,48000.0,27
EMP291,Sneha Sharma,Sales,30,Male,Bengaluru,2020-11-21,109000.0,4
EMP292,Manish Patel,Marketing,34,Other,Bengaluru,2017-02-28,50000.0,12
EMP293,Anjali Verma,Finance,49,Female,Hyderabad,2015-07-22,57000.0,25
EMP294,Kavita Gupta,Sales,50,Male,Delhi,2024-10-20,117000.0,26
EMP295,Preeti Malhotra,Engineering,27,Male,Bengaluru,2017-07-07,115000.0,1
EMP296,Priya Bhatia,Human Resources,56,Female,Bengaluru,2024-09-11,69000.0,33
EMP297,Priya Chopra,Marketing,39,Male,Hyderabad,2023-06-25,55000.0,17
EMP298,Divya Agarwal,Sales,56,Male,Mumbai,2024-07-12,57000.0,33
EMP299,Rekha Chopra,Finance,23,Female,Pune,2024-03-19,94000.0,0
EMP300,Nitin Nair,Human Resources,24,Male,Delhi,2018-10-08,102000.0,0
EMP301,Aarav Chopra,Marketing,43,Male,Bengaluru,2015-01-05,134000.0,21
EMP302,Simran Joshi,Human Resources,47,Female,Delhi,2020-05-11,55000.0,20
EMP303,Shweta Das,Sales,33,Male,Chennai,2024-06-08,83000.0,15
EMP304,Rajesh Singh,Engineering,58,Female,Delhi,2015-03-20,138000.0,32
EMP305,Sanjay Das,Human Resources,31,Female,Chennai,2016-12-04,56000.0,4
EMP306,Neha Bose,Human Resources,22,Male,Mumbai,2018-03-12,67000.0,4
EMP307,Aarav Verma,Human Resources,48,Male,Delhi,2022-07-12,47000.0,23
EMP308,Akash Das,Marketing,50,Male,Delhi,2019-11-01,94000.0,28
EMP309,Swati Gupta,Marketing,43,Female,Delhi,2020-10-20,125000.0,4
EMP310,Shweta Das,Finance,43,Male,Delhi,2016-06-07,87000.0,22
EMP311,Payal Chawla,Sales,41,Male,Delhi,2015-07-19,94000.0,18
EMP312,Tanvi Sharma,Engineering,40,Other,Pune,2024-08-07,38000.0,17
EMP313,Arjun Das,Engineering,52,Male,Bengaluru,2021-08-16,46000.0,25
EMP314,Nitin Bhatia,Human Resources,46,Female,Mumbai,2022-01-09,94000.0,22
EMP315,Sanjay Reddy,Marketing,28,Male,Chennai,2020-09-14,105000.0,6
EMP316,Suresh Mishra,Finance,52,Female,Mumbai,2022-05-03,150000.0,25
EMP317,Rohan Mishra,Engineering,50,Male,Mumbai,2018-04-05,89000.0,28
EMP318,Shweta Kumar,Finance,38,Female,Chennai,2016-02-13,105000.0,14
EMP319,Sunita Mishra,Engineering,59,Female,Bengaluru,2016-07-05,107000.0,33
EMP320,Rekha Mehta,Finance,28,Male,Hyderabad,2020-07-09,94000.0,3
EMP321,Akash Kulkarni,Engineering,33,Male,Bengaluru,2017-10-20,39000.0,8
EMP322,Swati Bose,Engineering,52,Male,Bengaluru,2015-06-27,74000.0,28
EMP323,Preeti Bose,Sales,30,Male,Delhi,2022-06-09,112000.0,3
EMP324,Neha Kumar,Marketing,48,Female,Hyderabad,2020-01-17,43000.0,24
EMP325,Varun Bhatia,Finance,58,Male,Mumbai,2018-04-27,66000.0,35
EMP326,Anjali Verma,Marketing,39,Female,Bengaluru,2023-07-21,122000.0,17
EMP327,Divya Joshi,Finance,50,Male,Delhi,2024-12-09,55000.0,26
EMP328,Neha Nair,Human Resources,25,Male,Pune,2018-04-21,121000.0,2
EMP329,Sunita Das,Finance,23,Other,Delhi,2022-03-21,111000.0,1
EMP330,Sanjay Reddy,Sales,43,Female,Bengaluru,2022-05-07,73000.0,22
EMP331,Simran Kulkarni,Finance,28,Male,Hyderabad,2020-09-21,73000.0,1
EMP332,Rahul Deshmukh,Sales,39,Male,Bengaluru,2019-05-21,59000.0,16
EMP333,Simran Rao,Finance,47,Other,Bengaluru,2017-12-01,72000.0,23
EMP334,Alok Bhatia,Engineering,59,Female,Mumbai,2020-12-23,122000.0,33
EMP335,Harish Agarwal,Marketing,41,Male,Chennai,2023-03-10,95000.0,18
EMP336,Manish Chawla,Sales,27,Male,Bengaluru,2018-12-28,88000.0,3
EMP337,Tanvi Reddy,Human Resources,29,Female,Delhi,2024-10-20,95000.0,6
EMP338,Varun Mehta,Finance,41,Female,Delhi,2017-07-03,94000.0,15
EMP339,Anjali Singh,Marketing,43,Female,Bengaluru,2017-06-21,94000.0,2
EMP340,Sunita Kumar,Finance,32,Female,Delhi,2017-10-14,86000.0,7
EMP341,Harish Bhatia,Engineering,56,Male,Chennai,2020-01-11,37000.0,29
EMP342,Aarav Das,Sales,44,Male,Delhi,2016-07-17,56000.0,22
EMP343,Rohan Nair,Human Resources,55,Female,Hyderabad,2020-07-22,78000.0,30
EMP344,Naveen Kumar,Human Resources,23,Male,Mumbai,2017-04-24,110000.0,0
EMP345,Arjun Mehta,Engineering,46,Other,Mumbai,2023-10-02,119000.0,24
EMP346,Priya Verma,Human Resources,50,Male,Delhi,2023-05-16,61000.0,23
EMP347,Aarav Nair,Engineering,55,Male,Pune,2024-12-05,141000.0,33
EMP348,Varun Chawla,Sales,29,Male,Hyderabad,2018-07-10,141000.0,3
EMP349,Karan Joshi,Sales,32,Male,Hyderabad,2022-04-23,77000.0,9
EMP350,Aarav Sharma,Engineering,58,Other,Hyderabad,2017-02-25,127000.0,31
EMP351,Rahul Reddy,Human Resources,40,Male,Bengaluru,2015-02-27,146000.0,18
EMP352,Rajesh Joshi,Human Resources,29,Male,Delhi,2015-03-22,94000.0,5
EMP353,Gaurav Kulkarni,Engineering,45,Female,Mumbai,2016-07-13,69000.0,20
EMP354,Harish Malhotra,Engineering,30,Male,Mumbai,2016-07-19,137000.0,4
EMP355,Gaurav Gupta,Human Resources,23,Other,Chennai,2017-08-16,148000.0,0
EMP356,Gaurav Verma,Sales,42,Male,Chennai,2023-12-19,120000.0,18
EMP357,Simran Mishra,Human Resources,37,Female,Bengaluru,2021-03-27,36000.0,10
EMP358,Arjun Mishra,Human Resources,32,Male,Hyderabad,2020-11-04,41000.0,6
EMP359,Sanjay Pandey,Human Resources,37,Male,Bengaluru,2022-10-15,144000.0,12
EMP360,Gaurav Chopra,Human Resources,23,Male,Bengaluru,2021-01-18,140000.0,1
EMP361,Unknown Employee,Finance,57,Male,Pune,2022-06-12,139000.0,34
EMP362,Anjali Chopra,Human Resources,50,Male,Delhi,2018-11-01,141000.0,23
EMP363,Rajesh Pandey,Engineering,24,Male,Hyderabad,2017-12-24,48000.0,0
EMP364,Bhavna Kumar,Engineering,47,Male,Bengaluru,2018-12-11,131000.0,22
EMP365,Rohan Das,Human Resources,51,Other,Pune,2023-03-16,102000.0,24
EMP366,Ananya Pandey,Finance,52,Female,Mumbai,2024-03-24,48000.0,27
EMP367,Kunal Kulkarni,Finance,46,Female,Pune,2018-05-13,72000.0,21
EMP368,Amit Singh,Finance,43,Male,Chennai,2023-06-23,60000.0,25
EMP369,Bhavna Bose,Human Resources,30,Male,Delhi,2023-09-23,125000.0,8
EMP370,Naveen Pandey,Finance,58,Other,Chennai,2021-11-24,147000.0,33
EMP371,Aarav Mishra,Engineering,46,Male,Delhi,2015-04-09,94000.0,19
EMP372,Manish Singh,Sales,35,Female,Delhi,2020-08-04,130000.0,8
EMP373,Payal Bhatia,Finance,40,Other,Delhi,2021-07-14,105000.0,18
EMP374,Aarav Chawla,Marketing,50,Male,Pune,2020-10-18,134000.0,23
EMP375,Karan Nair,Marketing,26,Male,Mumbai,2023-02-13,89000.0,2
EMP376,Payal Reddy,Marketing,59,Male,Delhi,2020-08-23,40000.0,35
EMP377,Aditya Kulkarni,Finance,41,Female,Pune,2023-03-06,102000.0,18
EMP378,Deepika Mishra,Finance,32,Female,Hyderabad,2023-03-07,63000.0,9
EMP379,Swati Chopra,Sales,35,Female,Hyderabad,2022-09-27,49000.0,8
EMP380,Naveen Saxena,Finance,37,Male,Chennai,2020-07-26,84000.0,13
EMP381,Nitin Chawla,Engineering,55,Female,Hyderabad,2023-08-16,72000.0,28
EMP382,Karan Chopra,Engineering,32,Female,Hyderabad,2015-11-03,120000.0,5
EMP383,Kavita Agarwal,Engineering,35,Female,Chennai,2021-11-27,130000.0,8
EMP384,Pooja Sharma,Sales,24,Male,Delhi,2015-03-26,106000.0,2
EMP385,Akash Rao,Human Resources,46,Female,Pune,2021-07-11,84000.0,19
EMP386,Sneha Pandey,Finance,26,Female,Delhi,2016-06-17,72000.0,0
EMP387,Meera Kulkarni,Sales,50,Female,Bengaluru,2015-08-06,52000.0,23
EMP388,Ritu Pandey,Marketing,41,Other,Chennai,2020-01-18,50000.0,19
EMP389,Aarav Iyer,Finance,57,Male,Bengaluru,2018-12-24,62000.0,32
EMP390,Varun Singh,Marketing,36,Female,Mumbai,2018-02-06,143000.0,10
EMP391,Anjali Das,Sales,26,Male,Delhi,2018-12-19,77000.0,2
EMP392,Amit Agarwal,Engineering,40,Female,Delhi,2018-06-16,77000.0,14
EMP393,Meera Bose,Finance,58,Female,Bengaluru,2021-01-03,94000.0,35
EMP394,Shweta Reddy,Marketing,43,Female,Bengaluru,2022-06-25,97000.0,17
EMP395,Rahul Gupta,Sales,30,Female,Mumbai,2019-12-21,128000.0,8
EMP396,Priya Mishra,Finance,59,Female,Pune,2018-01-18,104000.0,33
EMP397,Harish Das,Human Resources,47,Male,Pune,2019-03-15,85000.0,23
EMP398,Varun Sharma,Finance,32,Female,Delhi,2022-03-06,129000.0,5
EMP399,Harish Joshi,Sales,53,Male,Delhi,2019-06-08,120000.0,30
EMP400,Simran Joshi,Human Resources,51,Male,Delhi,2020-02-23,141000.0,24
